ring,lat,lon
0,35.71603,-78.52210
0,35.71207,-78.52433
0,35.71333,-78.52781
0,35.71399,-78.52758
0,35.71395,-78.52589
0,35.71500,-78.52670
0,35.71762,-78.52654
0,35.71603,-78.52210
1,35.72445,-78.50237
1,35.72396,-78.50172
1,35.72206,-78.50219
1,35.71940,-78.50390
1,35.71923,-78.50570
1,35.71755,-78.50723
1,35.71542,-78.50736
1,35.71727,-78.51230
1,35.71825,-78.51293
1,35.71489,-78.51517
1,35.71360,-78.51741
1,35.71244,-78.51743
1,35.71241,-78.51848
1,35.70981,-78.51948
1,35.70826,-78.52312
1,35.71487,-78.52226
1,35.71982,-78.51884
1,35.72391,-78.51739
1,35.72677,-78.51364
1,35.72445,-78.50237
2,35.74188,-78.54091
2,35.74607,-78.53560
2,35.74599,-78.53388
2,35.74437,-78.53752
2,35.74267,-78.53753
2,35.74188,-78.54091
3,35.74551,-78.59569
3,35.74736,-78.59508
3,35.74723,-78.59429
3,35.74100,-78.59168
3,35.73978,-78.59495
3,35.74216,-78.59644
3,35.74551,-78.59569
4,35.74802,-78.54186
4,35.74838,-78.54057
4,35.74627,-78.53980
4,35.74609,-78.53575
4,35.74027,-78.54377
4,35.74716,-78.54373
4,35.74761,-78.54277
4,35.74876,-78.54284
4,35.74802,-78.54186
5,35.75287,-78.58450
5,35.75274,-78.58568
5,35.75109,-78.58566
5,35.75107,-78.58738
5,35.74992,-78.58767
5,35.74969,-78.58609
5,35.74672,-78.58628
5,35.74777,-78.59070
5,35.74926,-78.59082
5,35.74763,-78.59314
5,35.74872,-78.59333
5,35.74929,-78.59259
5,35.74929,-78.59347
5,35.75022,-78.59357
5,35.75204,-78.59239
5,35.75274,-78.59092
5,35.75287,-78.58450
6,35.75444,-78.53739
6,35.75350,-78.53610
6,35.75276,-78.53739
6,35.75407,-78.53782
6,35.75368,-78.53946
6,35.75247,-78.53995
6,35.75239,-78.54079
6,35.75616,-78.54140
6,35.75444,-78.53739
7,35.75619,-78.56214
7,35.75192,-78.56367
7,35.75193,-78.56452
7,35.75042,-78.56529
7,35.74953,-78.56527
7,35.75004,-78.56442
7,35.74706,-78.56504
7,35.74457,-78.56973
7,35.74341,-78.56869
7,35.74041,-78.56908
7,35.73990,-78.56958
7,35.74120,-78.57284
7,35.73972,-78.57309
7,35.74004,-78.57044
7,35.73429,-78.57469
7,35.73520,-78.57693
7,35.73212,-78.57756
7,35.73141,-78.57647
7,35.72982,-78.57740
7,35.73178,-78.57889
7,35.73649,-78.57911
7,35.73684,-78.58259
7,35.73587,-78.58419
7,35.73453,-78.58318
7,35.73220,-78.58486
7,35.73005,-78.58444
7,35.72914,-78.57781
7,35.72728,-78.57866
7,35.72419,-78.58307
7,35.74541,-78.59227
7,35.74575,-78.59050
7,35.74641,-78.59075
7,35.74605,-78.58860
7,35.74730,-78.58862
7,35.74642,-78.58616
7,35.75177,-78.58502
7,35.75634,-78.57749
7,35.75432,-78.57672
7,35.75446,-78.57433
7,35.75349,-78.57447
7,35.75144,-78.57195
7,35.75174,-78.57144
7,35.75247,-78.57256
7,35.75190,-78.57104
7,35.75476,-78.56925
7,35.75489,-78.56687
7,35.75610,-78.56686
7,35.75619,-78.56214
8,35.75025,-78.56692
8,35.74940,-78.57140
8,35.75001,-78.57028
8,35.74953,-78.56692
8,35.75046,-78.56691
8,35.75045,-78.56536
8,35.74945,-78.56533
8,35.75045,-78.56536
8,35.75025,-78.56692
9,35.74623,-78.58568
9,35.74128,-78.58556
9,35.74078,-78.58483
9,35.73772,-78.58386
9,35.73790,-78.58446
9,35.73697,-78.58335
9,35.73737,-78.58369
9,35.73736,-78.58257
9,35.73967,-78.58368
9,35.73966,-78.58281
9,35.74079,-78.58312
9,35.74041,-78.58420
9,35.74554,-78.58389
9,35.74623,-78.58568
10,35.75835,-78.56707
10,35.75736,-78.56699
10,35.75688,-78.57692
10,35.75998,-78.57474
10,35.75911,-78.56977
10,35.75809,-78.56968
10,35.75949,-78.56895
10,35.75966,-78.56981
10,35.76066,-78.56991
10,35.75998,-78.56721
10,35.75835,-78.56707
11,35.81496,-78.51917
11,35.81291,-78.51921
11,35.81294,-78.52037
11,35.81248,-78.51921
11,35.80572,-78.51934
11,35.80577,-78.52195
11,35.80332,-78.52203
11,35.80404,-78.52480
11,35.80336,-78.52673
11,35.80659,-78.52659
11,35.80723,-78.52865
11,35.80705,-78.52656
11,35.81289,-78.52499
11,35.81548,-78.51986
11,35.81496,-78.51917
12,35.83351,-78.52167
12,35.83211,-78.52159
12,35.83210,-78.52051
12,35.82807,-78.51934
12,35.82739,-78.52295
12,35.82852,-78.52296
12,35.82842,-78.52391
12,35.83214,-78.52392
12,35.83213,-78.52308
12,35.83353,-78.52315
12,35.83351,-78.52167
13,35.83370,-78.51629
13,35.83206,-78.51619
13,35.83211,-78.51945
13,35.83508,-78.52046
13,35.83518,-78.51987
13,35.83765,-78.52006
13,35.83765,-78.51650
13,35.83370,-78.51629
14,35.84061,-78.50589
14,35.83963,-78.50135
14,35.83743,-78.50166
14,35.83734,-78.50965
14,35.83601,-78.50966
14,35.83598,-78.51412
14,35.83837,-78.51408
14,35.83831,-78.51612
14,35.83976,-78.51598
14,35.83950,-78.51262
14,35.84176,-78.51243
14,35.84163,-78.50813
14,35.84061,-78.50589
15,35.84228,-78.52310
15,35.83966,-78.52249
15,35.83981,-78.52699
15,35.84170,-78.52700
15,35.84208,-78.52985
15,35.84228,-78.52310
16,35.84181,-78.50183
16,35.84128,-78.50130
16,35.84162,-78.50761
16,35.84566,-78.50762
16,35.84516,-78.50120
16,35.84343,-78.50170
16,35.84336,-78.50240
16,35.84181,-78.50183
17,35.84571,-78.53678
17,35.84566,-78.53063
17,35.83633,-78.53169
17,35.83351,-78.53108
17,35.83696,-78.54223
17,35.83802,-78.54175
17,35.83840,-78.54301
17,35.84149,-78.54153
17,35.84147,-78.54021
17,35.84209,-78.54131
17,35.84517,-78.53967
17,35.84571,-78.53678
18,35.84876,-78.50543
18,35.84760,-78.50549
18,35.84779,-78.51060
18,35.84969,-78.51135
18,35.84947,-78.50540
18,35.84876,-78.50543
19,35.85062,-78.53746
19,35.84871,-78.53715
19,35.84837,-78.53021
19,35.84841,-78.53217
19,35.84606,-78.53878
19,35.84340,-78.54090
19,35.84370,-78.54253
19,35.84575,-78.54182
19,35.84576,-78.54325
19,35.84952,-78.54314
19,35.85062,-78.53746
20,35.84765,-78.52412
20,35.84716,-78.52424
20,35.84839,-78.52974
20,35.85236,-78.53002
20,35.85201,-78.52480
20,35.84993,-78.52353
20,35.84765,-78.52412
21,35.84952,-78.47758
21,35.84539,-78.47750
21,35.84535,-78.47402
21,35.84199,-78.47298
21,35.83944,-78.47076
21,35.83946,-78.47794
21,35.83651,-78.47762
21,35.83656,-78.48433
21,35.83872,-78.48379
21,35.83880,-78.48562
21,35.84929,-78.48529
21,35.84922,-78.48077
21,35.85527,-78.48124
21,35.85539,-78.47907
21,35.85380,-78.47761
21,35.84952,-78.47758
22,35.85712,-78.52205
22,35.85668,-78.52064
22,35.85402,-78.51931
22,35.85326,-78.52111
22,35.85233,-78.52069
22,35.85234,-78.52379
22,35.85461,-78.52899
22,35.85686,-78.52596
22,35.85767,-78.52264
22,35.85712,-78.52205
23,35.86108,-78.50698
23,35.86036,-78.50687
23,35.85970,-78.51286
23,35.86149,-78.51359
23,35.86112,-78.51010
23,35.86194,-78.51026
23,35.86235,-78.50717
23,35.86108,-78.50698
24,35.87897,-78.49846
24,35.87869,-78.49394
24,35.87778,-78.49416
24,35.87761,-78.49330
24,35.87396,-78.49991
24,35.87732,-78.50087
24,35.87717,-78.50153
24,35.87808,-78.50182
24,35.87897,-78.49846
25,35.88582,-78.72619
25,35.88552,-78.72265
25,35.88140,-78.72289
25,35.88143,-78.72410
25,35.88045,-78.72325
25,35.88128,-78.72471
25,35.87958,-78.72477
25,35.88011,-78.72734
25,35.88136,-78.72757
25,35.88133,-78.72650
25,35.88137,-78.72758
25,35.88226,-78.72753
25,35.88265,-78.72623
25,35.88279,-78.72722
25,35.88432,-78.72563
25,35.88426,-78.72664
25,35.88684,-78.72728
25,35.88695,-78.72614
25,35.88582,-78.72619
26,35.89269,-78.50568
26,35.89236,-78.50491
26,35.89039,-78.50484
26,35.89023,-78.49719
26,35.88939,-78.49760
26,35.88962,-78.49825
26,35.88539,-78.50053
26,35.88681,-78.50494
26,35.88598,-78.50557
26,35.88709,-78.50809
26,35.88624,-78.50829
26,35.88631,-78.50957
26,35.88682,-78.50881
26,35.88920,-78.50884
26,35.88956,-78.50724
26,35.88982,-78.50851
26,35.89295,-78.50786
26,35.89346,-78.50747
26,35.89269,-78.50568
27,35.90631,-78.51485
27,35.90482,-78.51487
27,35.90429,-78.50582
27,35.90412,-78.50908
27,35.90348,-78.50609
27,35.90165,-78.50671
27,35.90213,-78.50400
27,35.90388,-78.50179
27,35.89943,-78.50238
27,35.90015,-78.49806
27,35.89643,-78.50621
27,35.89886,-78.50675
27,35.89760,-78.50687
27,35.89814,-78.50872
27,35.89557,-78.50845
27,35.89132,-78.51919
27,35.89288,-78.51968
27,35.89349,-78.52271
27,35.89699,-78.52268
27,35.89700,-78.52379
27,35.89768,-78.52389
27,35.89765,-78.52269
27,35.90133,-78.52273
27,35.90621,-78.52043
27,35.90631,-78.51485
28,35.90756,-78.70552
28,35.90665,-78.70403
28,35.90357,-78.70309
28,35.90313,-78.70382
28,35.90423,-78.70375
28,35.90423,-78.70510
28,35.90213,-78.70617
28,35.90295,-78.71035
28,35.90429,-78.70981
28,35.90445,-78.71299
28,35.90565,-78.71615
28,35.90761,-78.71654
28,35.90770,-78.71544
28,35.90646,-78.71537
28,35.90677,-78.71346
28,35.90576,-78.71213
28,35.90605,-78.71124
28,35.90759,-78.71218
28,35.90873,-78.70963
28,35.90763,-78.70912
28,35.90755,-78.70843
28,35.90875,-78.70833
28,35.90756,-78.70552
29,35.91055,-78.70755
29,35.90885,-78.70802
29,35.90928,-78.70964
29,35.91087,-78.70962
29,35.91233,-78.70506
29,35.91126,-78.70416
29,35.91055,-78.70755
30,35.91271,-78.66098
30,35.91055,-78.65216
30,35.91029,-78.65994
30,35.90881,-78.66041
30,35.91007,-78.66269
30,35.91047,-78.66205
30,35.91303,-78.66250
30,35.91271,-78.66098
31,35.91151,-78.71277
31,35.90765,-78.71289
31,35.90767,-78.71673
31,35.90850,-78.71670
31,35.90859,-78.71741
31,35.90765,-78.71754
31,35.90620,-78.72219
31,35.90912,-78.72219
31,35.90998,-78.72376
31,35.91136,-78.72375
31,35.91108,-78.72501
31,35.91351,-78.71322
31,35.91151,-78.71277
32,35.91289,-78.69999
32,35.91277,-78.69855
32,35.91397,-78.69752
32,35.91393,-78.69521
32,35.91231,-78.69454
32,35.91012,-78.69698
32,35.91031,-78.70092
32,35.90663,-78.70129
32,35.90658,-78.70291
32,35.90921,-78.70282
32,35.90945,-78.70373
32,35.91164,-78.70416
32,35.91270,-78.70141
32,35.91483,-78.70138
32,35.91484,-78.70060
32,35.91289,-78.69999
33,35.92345,-78.75927
33,35.92045,-78.75850
33,35.92011,-78.76401
33,35.92343,-78.76266
33,35.92345,-78.75927
34,35.85848,-78.54428
34,35.85944,-78.54134
34,35.85848,-78.54428
34,35.86270,-78.54747
34,35.86033,-78.55070
34,35.86115,-78.55210
34,35.85939,-78.55113
34,35.85609,-78.55476
34,35.85617,-78.55786
34,35.85796,-78.55791
34,35.85746,-78.55564
34,35.85957,-78.55329
34,35.86265,-78.55856
34,35.86461,-78.55669
34,35.86530,-78.55990
34,35.86366,-78.55987
34,35.86368,-78.56314
34,35.85837,-78.56321
34,35.85834,-78.56511
34,35.85593,-78.56550
34,35.85603,-78.56018
34,35.85394,-78.56017
34,35.85363,-78.55944
34,35.85256,-78.56062
34,35.85198,-78.55978
34,35.85215,-78.56107
34,35.85039,-78.56305
34,35.84923,-78.56253
34,35.85068,-78.56057
34,35.84958,-78.55932
34,35.84846,-78.56087
34,35.84715,-78.55887
34,35.84649,-78.56149
34,35.84566,-78.56125
34,35.84535,-78.56269
34,35.84683,-78.56368
34,35.84535,-78.56465
34,35.84645,-78.56533
34,35.84353,-78.57178
34,35.83915,-78.57146
34,35.83688,-78.57007
34,35.83731,-78.56882
34,35.83852,-78.56802
34,35.84216,-78.56814
34,35.84212,-78.56970
34,35.84362,-78.57018
34,35.84570,-78.56373
34,35.84383,-78.56217
34,35.84303,-78.55695
34,35.84396,-78.55735
34,35.84730,-78.55603
34,35.84798,-78.55670
34,35.84918,-78.55483
34,35.84973,-78.55582
34,35.85075,-78.55578
34,35.85033,-78.55665
34,35.85163,-78.55962
34,35.85308,-78.55795
34,35.85250,-78.55664
34,35.85174,-78.55663
34,35.85175,-78.55577
34,35.85275,-78.55576
34,35.85274,-78.55032
34,35.84565,-78.55046
34,35.84528,-78.55140
34,35.84487,-78.54905
34,35.84397,-78.54905
34,35.84515,-78.54327
34,35.83966,-78.54346
34,35.83941,-78.54280
34,35.83695,-78.54396
34,35.83667,-78.54779
34,35.83450,-78.54782
34,35.83406,-78.55566
34,35.83315,-78.55563
34,35.83264,-78.55765
34,35.82952,-78.55686
34,35.82888,-78.55920
34,35.82084,-78.55882
34,35.82093,-78.55538
34,35.82032,-78.55621
34,35.81883,-78.55596
34,35.81897,-78.55783
34,35.81806,-78.55822
34,35.81749,-78.55750
34,35.81609,-78.55868
34,35.81642,-78.55987
34,35.81524,-78.55946
34,35.81386,-78.56159
34,35.81438,-78.56655
34,35.81339,-78.56624
34,35.81368,-78.56440
34,35.81294,-78.56364
34,35.81256,-78.56599
34,35.81155,-78.56570
34,35.81156,-78.56223
34,35.81252,-78.56232
34,35.81278,-78.55788
34,35.81129,-78.55734
34,35.81136,-78.55571
34,35.81343,-78.55611
34,35.81472,-78.55260
34,35.81452,-78.55581
34,35.81597,-78.55790
34,35.81707,-78.55770
34,35.81750,-78.55620
34,35.81844,-78.55613
34,35.81788,-78.55539
34,35.81848,-78.55470
34,35.81905,-78.55544
34,35.81973,-78.55512
34,35.81915,-78.55346
34,35.82035,-78.55360
34,35.82060,-78.55048
34,35.81943,-78.55062
34,35.81929,-78.54899
34,35.81766,-78.54885
34,35.81764,-78.54821
34,35.81579,-78.54747
34,35.81655,-78.54080
34,35.81727,-78.53910
34,35.81831,-78.53925
34,35.81829,-78.53331
34,35.81388,-78.53308
34,35.81428,-78.53599
34,35.81196,-78.53303
34,35.80998,-78.53264
34,35.80725,-78.53699
34,35.80440,-78.53893
34,35.80156,-78.53878
34,35.79931,-78.54254
34,35.80000,-78.54310
34,35.80055,-78.54234
34,35.80212,-78.54417
34,35.80048,-78.54624
34,35.79774,-78.54643
34,35.79964,-78.54557
34,35.79826,-78.54041
34,35.79467,-78.54345
34,35.79431,-78.54301
34,35.79500,-78.54106
34,35.79720,-78.54070
34,35.79991,-78.53889
34,35.79962,-78.53794
34,35.80088,-78.53657
34,35.80035,-78.53547
34,35.79779,-78.53560
34,35.79671,-78.53491
34,35.79561,-78.53823
34,35.79459,-78.53738
34,35.79343,-78.53912
34,35.79183,-78.53677
34,35.78848,-78.53488
34,35.78264,-78.53718
34,35.78260,-78.53977
34,35.78103,-78.53760
34,35.78019,-78.53757
34,35.77412,-78.54009
34,35.77026,-78.53915
34,35.76626,-78.54023
34,35.76694,-78.54217
34,35.77087,-78.54497
34,35.77201,-78.54688
34,35.76213,-78.54694
34,35.76210,-78.55007
34,35.76380,-78.55007
34,35.76377,-78.55368
34,35.76225,-78.55405
34,35.75868,-78.54941
34,35.75712,-78.54456
34,35.74911,-78.54466
34,35.74968,-78.54683
34,35.74731,-78.54691
34,35.74730,-78.54557
34,35.74606,-78.54558
34,35.74607,-78.54696
34,35.74324,-78.54706
34,35.74272,-78.54558
34,35.74256,-78.54622
34,35.74070,-78.54560
34,35.74071,-78.54715
34,35.73946,-78.54720
34,35.73934,-78.54792
34,35.73993,-78.55560
34,35.73366,-78.55654
34,35.73293,-78.55480
34,35.73295,-78.54382
34,35.73612,-78.54384
34,35.73595,-78.54914
34,35.73685,-78.55177
34,35.73785,-78.55038
34,35.73784,-78.54385
34,35.74012,-78.54369
34,35.74177,-78.54106
34,35.73937,-78.53916
34,35.73939,-78.53604
34,35.74045,-78.53543
34,35.74059,-78.53344
34,35.73935,-78.53335
34,35.73917,-78.52738
34,35.73467,-78.52930
34,35.73251,-78.52851
34,35.72567,-78.52875
34,35.72564,-78.52987
34,35.72334,-78.53037
34,35.72437,-78.53263
34,35.72146,-78.53361
34,35.72222,-78.53505
34,35.72412,-78.53465
34,35.72434,-78.53527
34,35.72448,-78.53655
34,35.72267,-78.53758
34,35.72283,-78.53860
34,35.72435,-78.53835
34,35.72441,-78.54109
34,35.72340,-78.54212
34,35.72510,-78.54163
34,35.72523,-78.54234
34,35.72426,-78.54259
34,35.72381,-78.54449
34,35.72497,-78.54460
34,35.72497,-78.54563
34,35.72727,-78.54106
34,35.72883,-78.54037
34,35.72870,-78.54572
34,35.72395,-78.54593
34,35.72366,-78.54461
34,35.72222,-78.54500
34,35.72156,-78.54134
34,35.72296,-78.54052
34,35.72271,-78.53906
34,35.72108,-78.53880
34,35.72095,-78.53811
34,35.71581,-78.53838
34,35.71525,-78.53280
34,35.71424,-78.53544
34,35.71247,-78.53614
34,35.71084,-78.53814
34,35.71003,-78.53742
34,35.70920,-78.53937
34,35.70884,-78.54865
34,35.71467,-78.54787
34,35.71484,-78.55510
34,35.71713,-78.55609
34,35.71819,-78.56198
34,35.71808,-78.56411
34,35.71064,-78.56428
34,35.71541,-78.56958
34,35.71964,-78.57048
34,35.72150,-78.56865
34,35.71965,-78.57048
34,35.72278,-78.57172
34,35.72363,-78.56729
34,35.72181,-78.56703
34,35.72218,-78.56507
34,35.72125,-78.56453
34,35.72542,-78.56660
34,35.72479,-78.56178
34,35.72416,-78.56141
34,35.72443,-78.56446
34,35.72380,-78.56439
34,35.72410,-78.56040
34,35.72507,-78.56028
34,35.72508,-78.56167
34,35.72542,-78.56031
34,35.72616,-78.56116
34,35.72580,-78.56653
34,35.72896,-78.56686
34,35.72838,-78.56451
34,35.73112,-78.56243
34,35.73112,-78.56801
34,35.73040,-78.57035
34,35.72874,-78.57010
34,35.72902,-78.56746
34,35.72711,-78.56698
34,35.72703,-78.56812
34,35.72581,-78.56795
34,35.72429,-78.57183
34,35.72466,-78.57272
34,35.72143,-78.57470
34,35.72087,-78.58099
34,35.72121,-78.58202
34,35.72305,-78.58252
34,35.72523,-78.58072
34,35.72500,-78.57351
34,35.72591,-78.57428
34,35.72663,-78.57234
34,35.72737,-78.57271
34,35.72770,-78.57192
34,35.72822,-78.57261
34,35.72915,-78.57154
34,35.72860,-78.57323
34,35.72968,-78.57451
34,35.72998,-78.57385
34,35.73056,-78.57431
34,35.73071,-78.57548
34,35.73264,-78.57397
34,35.73323,-78.57512
34,35.73434,-78.57443
34,35.73375,-78.57322
34,35.73431,-78.57279
34,35.73479,-78.57415
34,35.73572,-78.57352
34,35.73440,-78.56966
34,35.73190,-78.56949
34,35.73117,-78.56802
34,35.73316,-78.56845
34,35.73335,-78.56386
34,35.73191,-78.56137
34,35.73301,-78.56016
34,35.73208,-78.55918
34,35.73138,-78.55996
34,35.73179,-78.56104
34,35.73106,-78.55926
34,35.73022,-78.55984
34,35.72997,-78.55923
34,35.73111,-78.55780
34,35.73049,-78.55665
34,35.73166,-78.55633
34,35.73343,-78.55958
34,35.73301,-78.56016
34,35.73942,-78.56870
34,35.74136,-78.56667
34,35.74702,-78.56489
34,35.74799,-78.56047
34,35.75041,-78.56099
34,35.75017,-78.56243
34,35.75429,-78.56121
34,35.75459,-78.55964
34,35.75429,-78.56126
34,35.75574,-78.56193
34,35.75769,-78.56156
34,35.75619,-78.56214
34,35.75832,-78.56324
34,35.75834,-78.56559
34,35.75902,-78.56573
34,35.75870,-78.56246
34,35.76013,-78.56334
34,35.76039,-78.56152
34,35.75922,-78.56141
34,35.75864,-78.55928
34,35.76234,-78.55795
34,35.76238,-78.56035
34,35.76300,-78.56035
34,35.76238,-78.56153
34,35.76606,-78.56102
34,35.76239,-78.56170
34,35.76243,-78.56327
34,35.76281,-78.56445
34,35.76366,-78.56267
34,35.76306,-78.56485
34,35.76361,-78.56567
34,35.76590,-78.56424
34,35.76563,-78.56774
34,35.76472,-78.56731
34,35.76597,-78.56894
34,35.76606,-78.56799
34,35.76668,-78.56844
34,35.76764,-78.57271
34,35.76362,-78.57378
34,35.76333,-78.57132
34,35.76202,-78.57172
34,35.76242,-78.57514
34,35.75840,-78.57698
34,35.75645,-78.57994
34,35.75829,-78.58259
34,35.75455,-78.58262
34,35.75403,-78.58458
34,35.75413,-78.58806
34,35.75539,-78.59166
34,35.75734,-78.59201
34,35.75679,-78.59617
34,35.75756,-78.59795
34,35.75896,-78.59824
34,35.75602,-78.59811
34,35.75672,-78.60094
34,35.74904,-78.60151
34,35.74909,-78.60063
34,35.74718,-78.60068
34,35.74728,-78.59723
34,35.74403,-78.59704
34,35.74394,-78.59908
34,35.74236,-78.59951
34,35.74073,-78.59753
34,35.73678,-78.59755
34,35.73775,-78.60130
34,35.73353,-78.60296
34,35.73528,-78.60601
34,35.73734,-78.60573
34,35.73766,-78.60706
34,35.73675,-78.60823
34,35.73810,-78.61002
34,35.73702,-78.60894
34,35.73499,-78.60988
34,35.73505,-78.61101
34,35.73186,-78.61124
34,35.73229,-78.62160
34,35.73064,-78.62207
34,35.73116,-78.62716
34,35.72970,-78.62630
34,35.72820,-78.62691
34,35.72836,-78.62893
34,35.73084,-78.63134
34,35.73042,-78.63810
34,35.72554,-78.63793
34,35.72543,-78.63852
34,35.72556,-78.63952
34,35.72824,-78.64080
34,35.72797,-78.64221
34,35.72626,-78.64214
34,35.72627,-78.64419
34,35.72754,-78.64414
34,35.72770,-78.64506
34,35.72651,-78.64508
34,35.72568,-78.64633
34,35.72614,-78.64757
34,35.72500,-78.64757
34,35.72520,-78.65125
34,35.72912,-78.65109
34,35.72537,-78.65118
34,35.72654,-78.65397
34,35.73117,-78.65404
34,35.73145,-78.66332
34,35.73592,-78.66257
34,35.73978,-78.66969
34,35.74138,-78.66846
34,35.74159,-78.66927
34,35.74064,-78.66964
34,35.74253,-78.67212
34,35.74236,-78.67434
34,35.74322,-78.67434
34,35.74360,-78.67949
34,35.74305,-78.68143
34,35.74401,-78.68149
34,35.74524,-78.67997
34,35.74483,-78.67830
34,35.74605,-78.67976
34,35.74638,-78.67936
34,35.74534,-78.67760
34,35.74667,-78.67921
34,35.74671,-78.68234
34,35.74301,-78.68210
34,35.74290,-78.68545
34,35.74467,-78.68630
34,35.74458,-78.68697
34,35.74334,-78.68710
34,35.74397,-78.68863
34,35.74489,-78.68859
34,35.74405,-78.68894
34,35.74607,-78.69422
34,35.74712,-78.69409
34,35.74624,-78.69472
34,35.74759,-78.69834
34,35.75005,-78.69776
34,35.75130,-78.69601
34,35.75047,-78.69886
34,35.74783,-78.69894
34,35.74812,-78.69968
34,35.74945,-78.69912
34,35.74964,-78.70109
34,35.74820,-78.70113
34,35.74722,-78.69811
34,35.74718,-78.69876
34,35.74530,-78.69852
34,35.74545,-78.70555
34,35.74949,-78.70550
34,35.74986,-78.71066
34,35.75102,-78.70946
34,35.75132,-78.71180
34,35.74977,-78.71186
34,35.74902,-78.71767
34,35.75284,-78.71797
34,35.75514,-78.71705
34,35.75631,-78.72171
34,35.74847,-78.72107
34,35.74776,-78.72420
34,35.74917,-78.72416
34,35.74918,-78.72501
34,35.74766,-78.72504
34,35.74644,-78.73023
34,35.74873,-78.73012
34,35.74856,-78.73086
34,35.74634,-78.73152
34,35.74644,-78.73485
34,35.75034,-78.73406
34,35.75147,-78.73087
34,35.75204,-78.73171
34,35.75273,-78.73133
34,35.75121,-78.72480
34,35.75002,-78.72477
34,35.75101,-78.72420
34,35.75004,-78.72415
34,35.75003,-78.72273
34,35.75063,-78.72272
34,35.75282,-78.72941
34,35.75333,-78.72913
34,35.75390,-78.73069
34,35.75747,-78.72908
34,35.75925,-78.73240
34,35.76375,-78.73555
34,35.76451,-78.73702
34,35.76906,-78.73872
34,35.77753,-78.74801
34,35.77905,-78.75074
34,35.78119,-78.75101
34,35.78728,-78.74926
34,35.78997,-78.74764
34,35.79236,-78.74742
34,35.79608,-78.74372
34,35.79967,-78.74220
34,35.81014,-78.74004
34,35.81444,-78.74036
34,35.81559,-78.74178
34,35.81717,-78.74110
34,35.82029,-78.74437
34,35.82479,-78.75240
34,35.82570,-78.75158
34,35.82233,-78.74575
34,35.82348,-78.74557
34,35.82313,-78.74102
34,35.82088,-78.74231
34,35.82002,-78.74015
34,35.82039,-78.73789
34,35.82194,-78.73659
34,35.82184,-78.73487
34,35.81774,-78.73483
34,35.81623,-78.73379
34,35.81785,-78.73473
34,35.81825,-78.73289
34,35.81926,-78.73201
34,35.82051,-78.73218
34,35.82102,-78.73028
34,35.82333,-78.73178
34,35.82379,-78.74012
34,35.82317,-78.74075
34,35.82445,-78.74050
34,35.82708,-78.73867
34,35.82548,-78.73732
34,35.82762,-78.73449
34,35.82896,-78.73560
34,35.82934,-78.73492
34,35.82696,-78.73309
34,35.82526,-78.73278
34,35.82517,-78.73130
34,35.82583,-78.73072
34,35.82676,-78.73126
34,35.82811,-78.72865
34,35.82982,-78.72906
34,35.83048,-78.72698
34,35.83146,-78.72700
34,35.83186,-78.72823
34,35.82924,-78.73089
34,35.83023,-78.73247
34,35.82944,-78.73485
34,35.83018,-78.73596
34,35.82897,-78.73596
34,35.82732,-78.73858
34,35.82921,-78.74043
34,35.82929,-78.74347
34,35.82529,-78.74348
34,35.82566,-78.75076
34,35.82821,-78.75069
34,35.82889,-78.75280
34,35.82981,-78.75297
34,35.83067,-78.75454
34,35.83073,-78.75646
34,35.83328,-78.75644
34,35.83328,-78.76228
34,35.84163,-78.76232
34,35.84125,-78.76361
34,35.84291,-78.76649
34,35.84477,-78.76797
34,35.84373,-78.76959
34,35.84401,-78.77762
34,35.85222,-78.77724
34,35.85257,-78.78560
34,35.85698,-78.78595
34,35.85718,-78.77979
34,35.85888,-78.77658
34,35.85863,-78.77408
34,35.86174,-78.77400
34,35.86157,-78.77024
34,35.86083,-78.76957
34,35.86439,-78.76551
34,35.86901,-78.77128
34,35.88129,-78.77064
34,35.88243,-78.76899
34,35.88411,-78.76986
34,35.88389,-78.76391
34,35.89209,-78.76382
34,35.89190,-78.75945
34,35.89535,-78.75975
34,35.89613,-78.76266
34,35.89752,-78.76298
34,35.89529,-78.76528
34,35.89602,-78.76727
34,35.89506,-78.76838
34,35.89887,-78.76845
34,35.89951,-78.76914
34,35.89995,-78.76851
34,35.90078,-78.76930
34,35.89929,-78.77093
34,35.90001,-78.77200
34,35.89924,-78.77207
34,35.89984,-78.77506
34,35.90184,-78.77447
34,35.90194,-78.77756
34,35.90041,-78.77756
34,35.89879,-78.77958
34,35.89795,-78.78336
34,35.89580,-78.78385
34,35.89564,-78.78811
34,35.89517,-78.78633
34,35.89366,-78.78630
34,35.89374,-78.78851
34,35.89190,-78.78857
34,35.89237,-78.79517
34,35.89087,-78.79618
34,35.89073,-78.79769
34,35.89053,-78.79665
34,35.88893,-78.79733
34,35.88883,-78.79960
34,35.88955,-78.79933
34,35.88960,-78.80053
34,35.89135,-78.80162
34,35.89254,-78.80112
34,35.89256,-78.80186
34,35.89254,-78.80112
34,35.89135,-78.80162
34,35.89409,-78.80267
34,35.89325,-78.81552
34,35.89682,-78.81547
34,35.89723,-78.81894
34,35.89710,-78.81824
34,35.89839,-78.81729
34,35.89864,-78.81856
34,35.90359,-78.81780
34,35.90420,-78.81581
34,35.90500,-78.81546
34,35.90546,-78.81705
34,35.90624,-78.81678
34,35.90596,-78.81407
34,35.90531,-78.81366
34,35.90480,-78.81455
34,35.90341,-78.81307
34,35.90630,-78.81405
34,35.90713,-78.81207
34,35.90854,-78.81201
34,35.90713,-78.81210
34,35.90776,-78.81368
34,35.90673,-78.81440
34,35.90880,-78.81671
34,35.91413,-78.81586
34,35.91470,-78.81544
34,35.91367,-78.80996
34,35.91142,-78.81055
34,35.91115,-78.80983
34,35.91644,-78.80934
34,35.91644,-78.80794
34,35.91885,-78.80708
34,35.91904,-78.80384
34,35.92177,-78.80511
34,35.92292,-78.80433
34,35.92216,-78.80400
34,35.92206,-78.80121
34,35.92278,-78.80118
34,35.92284,-78.80248
34,35.92608,-78.80213
34,35.92586,-78.80102
34,35.92451,-78.80109
34,35.92447,-78.79913
34,35.91514,-78.78619
34,35.91826,-78.78679
34,35.91852,-78.78494
34,35.92077,-78.78497
34,35.92071,-78.78013
34,35.92152,-78.78013
34,35.92199,-78.77195
34,35.91574,-78.77224
34,35.91560,-78.76821
34,35.91179,-78.76901
34,35.91258,-78.76870
34,35.91167,-78.76759
34,35.91947,-78.76441
34,35.91916,-78.76287
34,35.91767,-78.76174
34,35.91754,-78.75707
34,35.91571,-78.75479
34,35.91944,-78.75549
34,35.91905,-78.75070
34,35.91783,-78.75116
34,35.91758,-78.75038
34,35.91902,-78.75017
34,35.91857,-78.74642
34,35.92015,-78.74687
34,35.92017,-78.74770
34,35.91880,-78.74799
34,35.91926,-78.75227
34,35.92032,-78.75223
34,35.92022,-78.74985
34,35.92397,-78.74973
34,35.92458,-78.75551
34,35.92042,-78.75565
34,35.92043,-78.75752
34,35.92190,-78.75807
34,35.92381,-78.75672
34,35.92428,-78.75937
34,35.92594,-78.76121
34,35.93203,-78.75543
34,35.93356,-78.75538
34,35.93384,-78.75362
34,35.93289,-78.75372
34,35.93295,-78.75168
34,35.93083,-78.75148
34,35.93469,-78.74838
34,35.93667,-78.74206
34,35.93426,-78.74238
34,35.92753,-78.73937
34,35.92058,-78.74112
34,35.91914,-78.73131
34,35.91764,-78.73026
34,35.91753,-78.73478
34,35.91413,-78.73483
34,35.91287,-78.73236
34,35.91606,-78.72967
34,35.91437,-78.72899
34,35.91265,-78.72901
34,35.91129,-78.73175
34,35.91014,-78.73763
34,35.90600,-78.73768
34,35.90740,-78.73486
34,35.90600,-78.73767
34,35.90920,-78.73764
34,35.90977,-78.73388
34,35.90884,-78.73373
34,35.90813,-78.72972
34,35.90904,-78.73050
34,35.90948,-78.72888
34,35.90789,-78.72824
34,35.90559,-78.72885
34,35.90288,-78.72664
34,35.89802,-78.72469
34,35.89618,-78.72225
34,35.89486,-78.72303
34,35.89488,-78.72396
34,35.89609,-78.72431
34,35.89550,-78.72614
34,35.89633,-78.72611
34,35.89673,-78.72724
34,35.89679,-78.73055
34,35.89405,-78.73061
34,35.89335,-78.72996
34,35.89339,-78.73080
34,35.89221,-78.73067
34,35.89225,-78.73200
34,35.89675,-78.73202
34,35.89468,-78.73355
34,35.89264,-78.74065
34,35.89154,-78.74089
34,35.89182,-78.73235
34,35.88857,-78.73198
34,35.88836,-78.72756
34,35.88462,-78.72683
34,35.88193,-78.72784
34,35.87743,-78.72715
34,35.87715,-78.71929
34,35.87935,-78.71920
34,35.87763,-78.71762
34,35.87918,-78.71716
34,35.87952,-78.71920
34,35.88590,-78.71856
34,35.88602,-78.72179
34,35.88959,-78.72171
34,35.88894,-78.72730
34,35.89275,-78.72706
34,35.89220,-78.71575
34,35.89086,-78.71416
34,35.88707,-78.71425
34,35.88756,-78.71140
34,35.88659,-78.71102
34,35.88603,-78.71215
34,35.88631,-78.71100
34,35.88547,-78.71184
34,35.88569,-78.71076
34,35.88293,-78.70933
34,35.88184,-78.71237
34,35.88120,-78.71239
34,35.88221,-78.70871
34,35.88135,-78.70818
34,35.88192,-78.70709
34,35.88284,-78.70770
34,35.88235,-78.70879
34,35.88360,-78.70948
34,35.88392,-78.70868
34,35.88396,-78.70961
34,35.88936,-78.71201
34,35.89077,-78.71033
34,35.89154,-78.71127
34,35.89017,-78.71298
34,35.89069,-78.71364
34,35.89500,-78.71408
34,35.89533,-78.71146
34,35.89349,-78.71059
34,35.89333,-78.70686
34,35.89603,-78.70668
34,35.89597,-78.70444
34,35.89980,-78.70403
34,35.89990,-78.70274
34,35.89884,-78.70278
34,35.89846,-78.69697
34,35.89459,-78.69817
34,35.89492,-78.70133
34,35.89230,-78.70035
34,35.89218,-78.70177
34,35.89132,-78.70173
34,35.89029,-78.70034
34,35.88928,-78.70049
34,35.89043,-78.69599
34,35.89171,-78.69740
34,35.88991,-78.69934
34,35.89099,-78.69992
34,35.89232,-78.69810
34,35.89238,-78.69350
34,35.89144,-78.69355
34,35.89128,-78.69185
34,35.88282,-78.69267
34,35.88160,-78.69120
34,35.88020,-78.69140
34,35.88017,-78.68992
34,35.88270,-78.68972
34,35.88268,-78.68867
34,35.88270,-78.68962
34,35.88622,-78.69061
34,35.88740,-78.68827
34,35.88726,-78.68271
34,35.88901,-78.68226
34,35.88902,-78.68141
34,35.88951,-78.68208
34,35.89324,-78.68214
34,35.89460,-78.68054
34,35.89536,-78.68061
34,35.89531,-78.68181
34,35.89670,-78.68179
34,35.89668,-78.68075
34,35.89741,-78.68360
34,35.89812,-78.68359
34,35.89741,-78.68360
34,35.89735,-78.68178
34,35.89657,-78.68179
34,35.89656,-78.68444
34,35.89975,-78.68352
34,35.89978,-78.68479
34,35.90247,-78.68474
34,35.90179,-78.67852
34,35.90299,-78.67851
34,35.90286,-78.67441
34,35.90552,-78.67430
34,35.90549,-78.67225
34,35.90708,-78.67185
34,35.90869,-78.67252
34,35.90872,-78.67417
34,35.91050,-78.67410
34,35.91070,-78.67343
34,35.90965,-78.66280
34,35.90835,-78.66277
34,35.90808,-78.66172
34,35.90881,-78.66074
34,35.90847,-78.65992
34,35.90958,-78.65981
34,35.90964,-78.65595
34,35.90640,-78.65546
34,35.90632,-78.65301
34,35.91008,-78.65197
34,35.90978,-78.64524
34,35.90009,-78.62879
34,35.89942,-78.62647
34,35.89499,-78.62688
34,35.89481,-78.62271
34,35.89624,-78.62274
34,35.89625,-78.62576
34,35.89719,-78.62580
34,35.89770,-78.62266
34,35.89859,-78.62268
34,35.89861,-78.62137
34,35.89935,-78.62139
34,35.89939,-78.61938
34,35.89820,-78.62070
34,35.89935,-78.61940
34,35.89899,-78.61446
34,35.89584,-78.61378
34,35.89607,-78.61258
34,35.90323,-78.60373
34,35.90715,-78.60166
34,35.91083,-78.59808
34,35.91540,-78.60515
34,35.91765,-78.60511
34,35.91657,-78.60182
34,35.91644,-78.59994
34,35.91783,-78.59836
34,35.91678,-78.59451
34,35.92570,-78.58800
34,35.92832,-78.58721
34,35.92969,-78.58550
34,35.93023,-78.58621
34,35.93386,-78.58311
34,35.93743,-78.58211
34,35.93744,-78.58012
34,35.93652,-78.58041
34,35.93632,-78.57961
34,35.93635,-78.58071
34,35.93439,-78.58142
34,35.93277,-78.58036
34,35.93511,-78.57726
34,35.93590,-78.57811
34,35.93552,-78.57998
34,35.93569,-78.57866
34,35.93736,-78.57819
34,35.93940,-78.57932
34,35.93916,-78.57445
34,35.93779,-78.57306
34,35.94524,-78.57285
34,35.94525,-78.57481
34,35.94680,-78.57447
34,35.95315,-78.56769
34,35.95973,-78.56359
34,35.96707,-78.56256
34,35.96663,-78.56126
34,35.96809,-78.56037
34,35.96883,-78.56159
34,35.97088,-78.55700
34,35.96614,-78.54863
34,35.96534,-78.54534
34,35.96366,-78.54614
34,35.96235,-78.54575
34,35.96028,-78.54478
34,35.96072,-78.54268
34,35.95089,-78.54003
34,35.94664,-78.53967
34,35.94129,-78.54102
34,35.94173,-78.54397
34,35.94093,-78.54408
34,35.94087,-78.54123
34,35.94009,-78.54163
34,35.94054,-78.55250
34,35.93338,-78.55384
34,35.93429,-78.56003
34,35.93300,-78.56063
34,35.92768,-78.55354
34,35.92094,-78.55593
34,35.91587,-78.55989
34,35.91219,-78.55984
34,35.90966,-78.55754
34,35.90868,-78.55788
34,35.90897,-78.55496
34,35.90652,-78.55695
34,35.90672,-78.55833
34,35.89660,-78.55894
34,35.89670,-78.55996
34,35.89525,-78.56005
34,35.89481,-78.55920
34,35.89416,-78.55941
34,35.89428,-78.55826
34,35.89622,-78.55833
34,35.89662,-78.55768
34,35.89670,-78.55828
34,35.89668,-78.55726
34,35.89838,-78.55664
34,35.89890,-78.55795
34,35.90399,-78.55732
34,35.90854,-78.55429
34,35.90792,-78.55053
34,35.90554,-78.54508
34,35.89728,-78.54839
34,35.89769,-78.54585
34,35.90041,-78.54500
34,35.89955,-78.54229
34,35.90031,-78.54114
34,35.90171,-78.54061
34,35.90661,-78.54113
34,35.90925,-78.53936
34,35.90412,-78.53522
34,35.89963,-78.53543
34,35.89437,-78.53323
34,35.88999,-78.53421
34,35.88881,-78.53640
34,35.88772,-78.53316
34,35.88886,-78.52717
34,35.88813,-78.52699
34,35.88789,-78.52950
34,35.88593,-78.53004
34,35.88416,-78.52803
34,35.88507,-78.52702
34,35.88535,-78.51853
34,35.88513,-78.51727
34,35.88400,-78.51770
34,35.88466,-78.51638
34,35.88284,-78.51294
34,35.88315,-78.51036
34,35.88368,-78.51202
34,35.88690,-78.51177
34,35.88709,-78.51280
34,35.88408,-78.51350
34,35.88452,-78.51522
34,35.88728,-78.51402
34,35.88825,-78.51965
34,35.89055,-78.52012
34,35.89610,-78.50669
34,35.89412,-78.50704
34,35.89476,-78.50502
34,35.89237,-78.50492
34,35.89350,-78.50756
34,35.88990,-78.50876
34,35.89014,-78.50973
34,35.88932,-78.50994
34,35.88911,-78.50908
34,35.88791,-78.50941
34,35.88771,-78.51054
34,35.88722,-78.50958
34,35.88419,-78.51012
34,35.88414,-78.50885
34,35.88329,-78.50889
34,35.88314,-78.50997
34,35.88227,-78.50713
34,35.88169,-78.50731
34,35.88223,-78.50714
34,35.88145,-78.50432
34,35.88047,-78.50398
34,35.88005,-78.50650
34,35.87142,-78.50654
34,35.87207,-78.50400
34,35.87148,-78.49938
34,35.87109,-78.49895
34,35.87043,-78.50043
34,35.87044,-78.49922
34,35.86911,-78.49901
34,35.86858,-78.49747
34,35.86846,-78.49806
34,35.86704,-78.49749
34,35.86588,-78.49893
34,35.86603,-78.49740
34,35.86500,-78.49686
34,35.86337,-78.49778
34,35.86442,-78.50041
34,35.86349,-78.50076
34,35.86347,-78.50350
34,35.86487,-78.50346
34,35.86493,-78.50538
34,35.86716,-78.50543
34,35.86729,-78.50835
34,35.86888,-78.50924
34,35.86837,-78.50100
34,35.86912,-78.50724
34,35.87509,-78.50846
34,35.87581,-78.50800
34,35.87675,-78.51027
34,35.87510,-78.51129
34,35.87181,-78.50974
34,35.87185,-78.51473
34,35.87268,-78.51461
34,35.87269,-78.51590
34,35.87200,-78.51587
34,35.87203,-78.52081
34,35.87143,-78.52122
34,35.87089,-78.52002
34,35.87187,-78.51752
34,35.87074,-78.51758
34,35.87072,-78.51617
34,35.87187,-78.51615
34,35.87183,-78.51481
34,35.87023,-78.51450
34,35.86987,-78.51760
34,35.86812,-78.51763
34,35.86806,-78.51443
34,35.86571,-78.51460
34,35.86583,-78.51574
34,35.86665,-78.51606
34,35.86427,-78.51573
34,35.86365,-78.51638
34,35.86413,-78.52701
34,35.86019,-78.52717
34,35.85791,-78.52879
34,35.85470,-78.52948
34,35.85651,-78.53938
34,35.85848,-78.54428
35,35.86629,-78.68432
35,35.86541,-78.68443
35,35.86629,-78.68432
35,35.86581,-78.68210
35,35.86438,-78.68139
35,35.86420,-78.68250
35,35.86357,-78.68221
35,35.86330,-78.68104
35,35.86163,-78.68099
35,35.86165,-78.67976
35,35.86295,-78.68059
35,35.86317,-78.67975
35,35.86498,-78.67969
35,35.86565,-78.68189
35,35.86655,-78.68191
35,35.86596,-78.68342
35,35.86682,-78.68582
35,35.86629,-78.68432
36,35.86885,-78.72932
36,35.86728,-78.72929
36,35.87081,-78.72862
36,35.87080,-78.72938
36,35.87491,-78.72992
36,35.87432,-78.73065
36,35.87502,-78.73731
36,35.87280,-78.73737
36,35.87287,-78.74259
36,35.87508,-78.74231
36,35.87617,-78.74310
36,35.87583,-78.74181
36,35.87508,-78.74188
36,35.87583,-78.74181
36,35.87617,-78.74310
36,35.87735,-78.74302
36,35.87744,-78.74393
36,35.87957,-78.74320
36,35.87931,-78.74526
36,35.87994,-78.74578
36,35.87915,-78.74579
36,35.87918,-78.74685
36,35.87734,-78.74725
36,35.87737,-78.74795
36,35.88015,-78.74789
36,35.88029,-78.75005
36,35.87585,-78.75082
36,35.87521,-78.74499
36,35.87096,-78.74662
36,35.87096,-78.74596
36,35.86909,-78.74638
36,35.86898,-78.74150
36,35.86611,-78.74168
36,35.86605,-78.73687
36,35.86479,-78.73613
36,35.86249,-78.73158
36,35.86008,-78.72956
36,35.85782,-78.72972
36,35.85570,-78.72625
36,35.85289,-78.72521
36,35.85283,-78.72387
36,35.85383,-78.72361
36,35.85339,-78.72271
36,35.85642,-78.72216
36,35.85672,-78.72346
36,35.85671,-78.72174
36,35.85801,-78.72162
36,35.85902,-78.72346
36,35.86142,-78.72178
36,35.86151,-78.72399
36,35.86051,-78.72485
36,35.86163,-78.72474
36,35.86436,-78.72989
36,35.86553,-78.72957
36,35.86511,-78.72997
36,35.86587,-78.73075
36,35.86723,-78.72980
36,35.86846,-78.73052
36,35.86885,-78.72932
37,35.87016,-78.55896
37,35.87079,-78.55813
37,35.87194,-78.56059
37,35.87405,-78.56773
37,35.87568,-78.56816
37,35.87442,-78.56897
37,35.87498,-78.57182
37,35.87635,-78.57321
37,35.87936,-78.57278
37,35.88238,-78.56960
37,35.88300,-78.57019
37,35.88170,-78.57139
37,35.88253,-78.57307
37,35.88229,-78.57506
37,35.88089,-78.57480
37,35.88063,-78.57635
37,35.88184,-78.57600
37,35.88209,-78.57724
37,35.88367,-78.57563
37,35.88403,-78.57739
37,35.88194,-78.58178
37,35.88464,-78.58331
37,35.88459,-78.58400
37,35.88757,-78.58392
37,35.88760,-78.58520
37,35.88455,-78.58507
37,35.88437,-78.58627
37,35.88595,-78.58588
37,35.88595,-78.58704
37,35.88765,-78.58713
37,35.88767,-78.58812
37,35.88495,-78.58806
37,35.88432,-78.58739
37,35.88498,-78.58913
37,35.88409,-78.58938
37,35.88414,-78.59136
37,35.88604,-78.60025
37,35.88660,-78.60046
37,35.88618,-78.59986
37,35.88718,-78.59661
37,35.88621,-78.60008
37,35.88750,-78.60096
37,35.88867,-78.59883
37,35.89007,-78.60094
37,35.89006,-78.60433
37,35.88720,-78.60299
37,35.88764,-78.60210
37,35.88693,-78.60088
37,35.88549,-78.60084
37,35.88515,-78.60202
37,35.88263,-78.60029
37,35.88263,-78.59948
37,35.88332,-78.59943
37,35.88477,-78.60042
37,35.88552,-78.59815
37,35.88495,-78.59546
37,35.88296,-78.59669
37,35.88260,-78.59568
37,35.88332,-78.59397
37,35.88454,-78.59366
37,35.88364,-78.59218
37,35.88406,-78.59141
37,35.87951,-78.58945
37,35.87768,-78.58766
37,35.87528,-78.58207
37,35.87616,-78.58131
37,35.87291,-78.57781
37,35.87348,-78.57128
37,35.87204,-78.57196
37,35.87128,-78.56980
37,35.86970,-78.57111
37,35.86967,-78.56896
37,35.87074,-78.56891
37,35.87095,-78.56983
37,35.87291,-78.56801
37,35.87219,-78.56332
37,35.87135,-78.56129
37,35.87052,-78.56130
37,35.87131,-78.56129
37,35.87016,-78.55896
38,35.87681,-78.55312
38,35.87961,-78.54817
38,35.87949,-78.55149
38,35.88112,-78.55632
38,35.88094,-78.55976
38,35.87488,-78.55987
38,35.87681,-78.55312
39,35.89353,-78.64348
39,35.89448,-78.64295
39,35.89415,-78.64183
39,35.89530,-78.64174
39,35.89451,-78.63496
39,35.89665,-78.63491
39,35.89669,-78.63271
39,35.90347,-78.63592
39,35.90348,-78.64171
39,35.90584,-78.64162
39,35.90585,-78.64285
39,35.90457,-78.64272
39,35.90459,-78.64487
39,35.90587,-78.64482
39,35.90592,-78.64659
39,35.90023,-78.64681
39,35.89911,-78.64753
39,35.89833,-78.64662
39,35.90061,-78.64501
39,35.90021,-78.64187
39,35.89671,-78.64465
39,35.89238,-78.64504
39,35.89292,-78.64304
39,35.89353,-78.64348
40,35.90263,-78.66422
40,35.90341,-78.66445
40,35.90304,-78.66387
40,35.90355,-78.66414
40,35.90396,-78.66280
40,35.90830,-78.66277
40,35.90841,-78.66602
40,35.90429,-78.66616
40,35.90440,-78.66511
40,35.90249,-78.66518
40,35.90263,-78.66422
41,35.90054,-78.57136
41,35.90064,-78.57196
41,35.89829,-78.57328
41,35.89778,-78.57107
41,35.89879,-78.57052
41,35.89856,-78.56984
41,35.89760,-78.57038
41,35.89721,-78.56931
41,35.90003,-78.56776
41,35.90054,-78.57136
42,35.90388,-78.58489
42,35.90366,-78.58420
42,35.90466,-78.58406
42,35.90462,-78.57779
42,35.90319,-78.57837
42,35.90233,-78.57676
42,35.90633,-78.57564
42,35.90849,-78.57317
42,35.91411,-78.57076
42,35.91607,-78.57452
42,35.91479,-78.57557
42,35.91107,-78.57548
42,35.91053,-78.58330
42,35.91130,-78.58444
42,35.90578,-78.58665
42,35.90487,-78.58444
42,35.90388,-78.58489
43,35.91126,-78.59079
43,35.91179,-78.59174
43,35.91336,-78.59173
43,35.91343,-78.59048
43,35.91442,-78.59048
43,35.91417,-78.59185
43,35.91553,-78.59182
43,35.91550,-78.59067
43,35.91800,-78.59030
43,35.91799,-78.58888
43,35.91547,-78.58929
43,35.91541,-78.58675
43,35.91644,-78.58666
43,35.91644,-78.58514
43,35.91899,-78.58283
43,35.92223,-78.58470
43,35.92431,-78.58869
43,35.91653,-78.59412
43,35.91381,-78.59209
43,35.91158,-78.59192
43,35.91126,-78.59079
44,35.92380,-78.57500
44,35.92316,-78.57404
44,35.92325,-78.57546
44,35.92270,-78.57549
44,35.91913,-78.56840
44,35.92209,-78.56822
44,35.92296,-78.57345
44,35.92287,-78.57254
44,35.92332,-78.57278
44,35.92387,-78.57474
44,35.92477,-78.57470
44,35.92484,-78.57546
44,35.92380,-78.57500
45,35.89130,-78.74599
45,35.89200,-78.74596
45,35.89119,-78.74601
45,35.89110,-78.74457
45,35.89036,-78.74460
45,35.89009,-78.73864
45,35.89036,-78.74459
45,35.89110,-78.74456
45,35.89130,-78.74599
46,35.89737,-78.73939
46,35.89734,-78.73634
46,35.89863,-78.73664
46,35.90058,-78.73578
46,35.90071,-78.73746
46,35.89737,-78.73939
46,35.89749,-78.74357
46,35.89287,-78.74489
46,35.89184,-78.74453
46,35.89287,-78.74488
46,35.89749,-78.74356
46,35.89737,-78.73939
47,35.91136,-78.77121
47,35.90835,-78.77531
47,35.90657,-78.77114
47,35.90964,-78.77097
47,35.91063,-78.77006
47,35.91136,-78.77121
48,35.85124,-78.71725
48,35.84461,-78.71818
48,35.84492,-78.72132
48,35.84310,-78.71886
48,35.84026,-78.71869
48,35.83884,-78.71979
48,35.83870,-78.71478
48,35.84258,-78.71431
48,35.84570,-78.71084
48,35.84798,-78.71027
48,35.85213,-78.71140
48,35.85249,-78.72212
48,35.85139,-78.72219
48,35.85124,-78.71725
49,35.84800,-78.60734
49,35.84294,-78.61022
49,35.83893,-78.60532
49,35.83561,-78.60594
49,35.83561,-78.60535
49,35.84749,-78.60444
49,35.84863,-78.60694
49,35.84800,-78.60734
50,35.83533,-78.68313
50,35.83453,-78.68751
50,35.83034,-78.68664
50,35.83121,-78.68336
50,35.83263,-78.68400
50,35.83201,-78.68267
50,35.83260,-78.68181
50,35.83258,-78.68294
50,35.83451,-78.68473
50,35.83533,-78.68313
51,35.83202,-78.56634
51,35.83143,-78.56879
51,35.83250,-78.56916
51,35.82785,-78.56918
51,35.82759,-78.56845
51,35.82761,-78.56918
51,35.82393,-78.56904
51,35.82395,-78.56691
51,35.82505,-78.56692
51,35.82508,-78.56344
51,35.82646,-78.56376
51,35.82645,-78.56557
51,35.82784,-78.56575
51,35.82785,-78.56071
51,35.82890,-78.56091
51,35.82899,-78.56914
51,35.83093,-78.56910
51,35.83132,-78.56657
51,35.83035,-78.56632
51,35.83202,-78.56634
52,35.82794,-78.71324
52,35.83081,-78.71300
52,35.83263,-78.71589
52,35.83107,-78.71666
52,35.83254,-78.71824
52,35.83257,-78.71644
52,35.83337,-78.71648
52,35.83475,-78.71834
52,35.83792,-78.71981
52,35.83784,-78.72249
52,35.83640,-78.72200
52,35.83542,-78.72482
52,35.83616,-78.72684
52,35.83248,-78.72697
52,35.83250,-78.72456
52,35.83354,-78.72476
52,35.83550,-78.72336
52,35.83575,-78.72214
52,35.83513,-78.72173
52,35.83436,-78.72347
52,35.83316,-78.72403
52,35.83111,-78.72179
52,35.83108,-78.72365
52,35.83188,-78.72395
52,35.82961,-78.72449
52,35.83013,-78.72149
52,35.82789,-78.72022
52,35.82876,-78.71461
52,35.82819,-78.71376
52,35.82752,-78.71554
52,35.82794,-78.71324
53,35.82051,-78.71371
53,35.81999,-78.71116
53,35.81905,-78.71189
53,35.81894,-78.70854
53,35.81996,-78.70846
53,35.81909,-78.70503
53,35.82008,-78.71062
53,35.82245,-78.70826
53,35.82238,-78.70746
53,35.82326,-78.71021
53,35.82262,-78.70876
53,35.82073,-78.71087
53,35.82106,-78.71463
53,35.81912,-78.71471
53,35.81908,-78.71296
53,35.82051,-78.71371
54,35.82141,-78.57085
54,35.82059,-78.57436
54,35.81869,-78.57634
54,35.81498,-78.57619
54,35.81504,-78.57733
54,35.81097,-78.57737
54,35.81100,-78.57569
54,35.81410,-78.57647
54,35.81456,-78.57574
54,35.81083,-78.57454
54,35.81065,-78.57318
54,35.81599,-78.57392
54,35.81550,-78.57071
54,35.81975,-78.57057
54,35.81930,-78.56860
54,35.82127,-78.56905
54,35.82141,-78.57085
55,35.80842,-78.59257
55,35.80747,-78.59270
55,35.80638,-78.59110
55,35.80299,-78.59194
55,35.80290,-78.58540
55,35.80462,-78.58078
55,35.80200,-78.58068
55,35.80301,-78.57775
55,35.80177,-78.57813
55,35.80146,-78.57656
55,35.79800,-78.57670
55,35.79899,-78.57191
55,35.80748,-78.57164
55,35.80744,-78.57659
55,35.80703,-78.57749
55,35.80591,-78.57755
55,35.80612,-78.58316
55,35.80983,-78.58340
55,35.81052,-78.59223
55,35.80842,-78.59257
56,35.80325,-78.55170
56,35.79751,-78.55189
56,35.80037,-78.55179
56,35.80325,-78.55170
57,35.79801,-78.70751
57,35.80101,-78.70718
57,35.80106,-78.70925
57,35.80197,-78.70922
57,35.80231,-78.71090
57,35.80355,-78.71089
57,35.80510,-78.71891
57,35.80382,-78.71815
57,35.80024,-78.72467
57,35.79357,-78.72474
57,35.79463,-78.72680
57,35.79439,-78.73515
57,35.79228,-78.73467
57,35.79251,-78.73327
57,35.79328,-78.73324
57,35.79321,-78.73071
57,35.78983,-78.73126
57,35.78913,-78.72191
57,35.79043,-78.72203
57,35.79133,-78.72084
57,35.79195,-78.72128
57,35.79219,-78.72017
57,35.79586,-78.72056
57,35.79584,-78.71786
57,35.79156,-78.71315
57,35.79171,-78.71152
57,35.79420,-78.70594
57,35.79801,-78.70751
58,35.78995,-78.55289
58,35.78589,-78.55301
58,35.78618,-78.54626
58,35.79006,-78.54752
58,35.78995,-78.55289
59,35.78631,-78.72870
59,35.78647,-78.72982
59,35.78631,-78.72870
59,35.78271,-78.72901
59,35.78275,-78.73002
59,35.78100,-78.72935
59,35.78182,-78.72800
59,35.78298,-78.72882
59,35.78342,-78.72520
59,35.78605,-78.72622
59,35.78631,-78.72870
60,35.77804,-78.57999
60,35.77700,-78.58144
60,35.77727,-78.57986
60,35.77591,-78.57987
60,35.77592,-78.57881
60,35.76864,-78.57968
60,35.76817,-78.57569
60,35.77134,-78.57481
60,35.77389,-78.57516
60,35.77432,-78.57592
60,35.77589,-78.57604
60,35.77592,-78.57862
60,35.77747,-78.57863
60,35.77804,-78.57999
61,35.76785,-78.69049
61,35.76748,-78.69252
61,35.76185,-78.69277
61,35.75967,-78.69216
61,35.75980,-78.69780
61,35.75875,-78.69789
61,35.75849,-78.69915
61,35.75699,-78.69932
61,35.75631,-78.69302
61,35.75732,-78.69240
61,35.75671,-78.69149
61,35.75970,-78.68903
61,35.76817,-78.68894
61,35.76681,-78.68898
61,35.76684,-78.69064
61,35.76785,-78.69049
62,35.78070,-78.73501
62,35.78726,-78.73487
62,35.78739,-78.73573
62,35.78615,-78.73584
62,35.78666,-78.73818
62,35.78455,-78.73792
62,35.78456,-78.73886
62,35.78400,-78.73794
62,35.78399,-78.74018
62,35.78210,-78.73731
62,35.78071,-78.73656
62,35.78070,-78.73501
63,35.78388,-78.74022
63,35.78428,-78.73958
63,35.78536,-78.74020
63,35.78535,-78.74258
63,35.78625,-78.74359
63,35.78986,-78.74418
63,35.78922,-78.74680
63,35.78894,-78.74535
63,35.78821,-78.74527
63,35.78774,-78.74692
63,35.78300,-78.74700
63,35.78353,-78.74283
63,35.78196,-78.74252
63,35.78206,-78.74026
63,35.78388,-78.74022
64,35.78375,-78.74841
64,35.78643,-78.74815
64,35.78874,-78.74691
64,35.78507,-78.74851
64,35.78311,-78.74789
64,35.78375,-78.74841
65,35.79710,-78.74166
65,35.80045,-78.74056
65,35.80352,-78.73973
65,35.79710,-78.74166
66,35.80523,-78.73713
66,35.80630,-78.73659
66,35.80523,-78.73713
66,35.80556,-78.73811
66,35.80632,-78.73768
66,35.80633,-78.73849
66,35.80412,-78.73957
66,35.80296,-78.73714
66,35.80233,-78.73843
66,35.80080,-78.73894
66,35.80001,-78.73766
66,35.80351,-78.73440
66,35.80523,-78.73713
67,35.73508,-78.62618
67,35.73504,-78.62717
67,35.73450,-78.62683
67,35.73455,-78.62780
67,35.73396,-78.62777
67,35.73385,-78.62543
67,35.73326,-78.62541
67,35.73336,-78.62775
67,35.73253,-78.62770
67,35.73231,-78.62213
67,35.73312,-78.62187
67,35.73318,-78.62352
67,35.73486,-78.62341
67,35.73508,-78.62618
68,35.75161,-78.55305
68,35.75045,-78.55363
68,35.75001,-78.55515
68,35.75161,-78.55535
68,35.75044,-78.55570
68,35.75069,-78.55693
68,35.74958,-78.55789
68,35.74944,-78.55919
68,35.74829,-78.55856
68,35.74960,-78.55373
68,35.74945,-78.55089
68,35.75004,-78.55007
68,35.75138,-78.55057
68,35.75202,-78.55162
68,35.75161,-78.55305
69,35.72759,-78.55233
69,35.72679,-78.55058
69,35.72588,-78.55245
69,35.72301,-78.55328
69,35.72360,-78.55934
69,35.72066,-78.55930
69,35.72058,-78.55540
69,35.72187,-78.55360
69,35.72187,-78.55038
69,35.72013,-78.55036
69,35.71805,-78.54858
69,35.71771,-78.54913
69,35.71612,-78.54855
69,35.71487,-78.54662
69,35.71521,-78.54551
69,35.71176,-78.54178
69,35.71282,-78.54057
69,35.71324,-78.54292
69,35.71519,-78.54425
69,35.71632,-78.54365
69,35.71618,-78.54185
69,35.71891,-78.54192
69,35.71933,-78.54432
69,35.71863,-78.54630
69,35.72168,-78.54855
69,35.72638,-78.54994
69,35.72552,-78.54860
69,35.72614,-78.54801
69,35.72766,-78.55003
69,35.72695,-78.55044
69,35.72759,-78.55233
70,35.86901,-78.73262
70,35.86731,-78.73168
70,35.86761,-78.73124
70,35.86645,-78.73121
70,35.86700,-78.73280
70,35.86636,-78.73218
70,35.86518,-78.73270
70,35.86488,-78.73385
70,35.86698,-78.73287
70,35.86664,-78.73414
70,35.86494,-78.73419
70,35.86508,-78.73604
70,35.86561,-78.73626
70,35.86630,-78.73504
70,35.86667,-78.73698
70,35.86847,-78.73773
70,35.86901,-78.73262
71,35.87975,-78.57443
71,35.87960,-78.57391
71,35.87842,-78.57511
71,35.87731,-78.57937
71,35.87871,-78.57838
71,35.87975,-78.57443
