station_id,label,lat,lon
S01,RFD #1,35.777620,-78.643753
S02,RFD #2,35.748519,-78.647936
S03,RFD #3,35.766709,-78.616393
S04,RFD #4,35.882536,-78.648385
S05,RFD #5,35.788267,-78.661864
S06,RFD #6,35.809173,-78.655748
S07,RFD #7,35.792728,-78.612775
S08,RFD #8,35.786232,-78.708671
S09,RFD #9,35.841306,-78.643112
S10,RFD #10,35.741720,-78.613156
S11,RFD #11,35.819670,-78.600509
S12,RFD #12,35.767178,-78.563476
S14,RFD #14,35.813358,-78.700309
S15,RFD #15,35.866791,-78.607931
S16,RFD #16,35.852654,-78.673106
S17,RFD #17,35.859566,-78.711696
S18,RFD #18,35.894141,-78.680868
S19,RFD #19,35.856369,-78.570960
S20,RFD #20,35.756004,-78.692822
S21,RFD #21,35.810983,-78.556091
S22,RFD #22,35.902847,-78.581839
S23,RFD #23,35.896955,-78.726871
S24,RFD #24,35.901740,-78.796751
S25,RFD #25,35.940057,-78.558655
S26,RFD #26,35.732388,-78.554869
S27,RFD #27,35.840839,-78.541177
S28,RFD #28,35.882473,-78.510365
S29,RFD #29,35.919002,-78.751473
